Provider_ID,Organization_ID,Provider_Name,GENDER,Specialty,Provider_City,Provider_State,Provider_Zip,Organization_Name,Organization_City,Organization_State,Organization_Revenue,Organization_Utilization
6abe8000-c6a9-3404-a8f4-bd77c2a3e7c5,74ab949d-17ac-3309-83a0-13b4405c66aa,Gabriel934 Reilly981,F,GENERAL PRACTICE,Fitchburg,MA,1420,Fitchburg Outpatient Clinic,Fitchburg,MA,0.0,128
3d404795-f269-3ee8-9b46-b43c8c80a118,324b4137-57a0-3ae0-89db-1c33f57ae0c1,Marquis364 Satterfield305,M,GENERAL PRACTICE,NORTH READING,MA,18641315,LOWN ACQUISITION LLC,NORTH READING,MA,0.0,1
b95a4f27-a148-3f09-879c-7243b547185e,e09d4c49-c2ef-3b0f-9a46-3719d9219306,Jules135 Emard19,M,GENERAL PRACTICE,LEOMINSTER,MA,14533290,UMASS MEMORIAL HEALTHALLIANCE CLINTON HOSPITAL INC,LEOMINSTER,MA,0.0,196
1d6da91a-1e07-3197-ade8-a2ee02ba6868,77645e49-3f69-3d1d-bb93-dc65210e2fac,Vella930 Ankunding277,F,GENERAL PRACTICE,FALL RIVER,MA,27205246,SOUTHCOAST HOSPITALS GROUP INC,FALL RIVER,MA,0.0,6
84a2759a-d25d-3c0a-b52e-bdd391531f9e,6fafb5d4-ecca-37ab-8d24-53036a8cbf1e,Wilber603 Nikolaus26,M,GENERAL PRACTICE,WEST BRIDGEWATER,MA,2379,GUARDIAN HOME HEALTH CARE  LLC,WEST BRIDGEWATER,MA,0.0,11
a5607bc3-bdcb-3d10-9fc7-9460b27192c6,aa682136-a4df-3942-9f50-e6fcee6c0b73,Precious140 Runolfsson901,F,GENERAL PRACTICE,NORWELL,MA,20611630,SOUTHWOOD AT NORWELL NURSING CTR,NORWELL,MA,0.0,5
0fee57e6-93bc-39e1-b777-a2c9d321caf2,5becf220-2978-3f33-bd38-9326947f85de,Tijuana228 Leannon79,F,GENERAL PRACTICE,PEABODY,MA,19605055,JEFFREY & SUSAN BRUDNICK CENTER FOR LIVING,PEABODY,MA,0.0,9
2c248404-7c3d-3fef-ab35-0cee937392be,2936ca90-6594-357d-be14-53fe0ab84dd1,Daniel959 Ankunding277,M,GENERAL PRACTICE,KINGSTON,MA,23641231,KINGSBURY PRIMARY CARE PC,KINGSTON,MA,0.0,156
202757ae-7384-3a0a-a6a1-751e16743097,42d4b607-f14d-370a-818e-40965685776c,Arlen68 Hettinger594,M,GENERAL PRACTICE,NORTH EASTON,MA,23561034,TRINITY FAMILY MEDICINE,NORTH EASTON,MA,0.0,43
65210074-1f0f-37ed-8747-59b438be3a02,ab701a70-a658-340e-8f69-ee196a7d40c6,Jolie499 Parisian75,F,GENERAL PRACTICE,WORCESTER,MA,16071728,CAREWELL URGENT CARE CENTERS OF MA  PC,WORCESTER,MA,0.0,4
5336918c-ff6d-3187-b748-7c9d089e3bd4,11ba6a26-59b4-3728-a268-6dc9929962b4,Archie818 McCullough561,M,GENERAL PRACTICE,MEDFORD,MA,21551644,COURTYARD NURSING CARE CENTER,MEDFORD,MA,0.0,3
d74b8d81-c1ee-3697-a886-f9dce46e577a,f736c0f5-6d39-3e26-8ac1-39e1fc60dfbe,Joe656 Jakubowski832,M,GENERAL PRACTICE,LEE,MA,12389645,COMMUNITY HEALTH PROGRAMS INC,LEE,MA,0.0,114
3e1bd730-b721-313a-93e8-82f98d5f9ae7,52ecddd8-42f6-35cc-88a5-cf474c02fb49,Cecil300 Fahey393,M,GENERAL PRACTICE,PLYMOUTH,MA,23602130,LIFE CARE CENTER OF PLYMOUTH,PLYMOUTH,MA,0.0,61
112249ce-2d67-3a2d-923b-1f2e7b1be2a8,1311c44a-85cb-3aea-a143-e5d7892ced8b,Kathrine376 Reinger292,F,GENERAL PRACTICE,SPRINGFIELD,MA,11071139,GROVE HILL MEDICAL CENTER PC,SPRINGFIELD,MA,0.0,37
81c563b2-9990-309c-8589-450c6e2f23da,817a1428-2045-3e89-9fa2-ef7d287d6fa5,Gracia333 Schuster709,F,GENERAL PRACTICE,LAWRENCE,MA,1843,GREATER LAWRENCE FAMILY HEALTH CENTER INC,LAWRENCE,MA,0.0,64
507a067a-d0a0-3ef5-8be4-06f298d70ffa,667b46fe-0afa-3f70-a311-bbe3d52db050,Mickey576 Borer986,F,GENERAL PRACTICE,WORCESTER,MA,16071728,URGENT CARE CENTERS OF CENTRAL MASSACHUSETTS LLC,WORCESTER,MA,0.0,2
a8479ce9-0830-3ea4-88dc-d04bd5eb788b,643eac8e-1620-3b6a-b9f3-664b003d22cd,Lasonya941 Kiehn525,F,GENERAL PRACTICE,NEW BEDFORD,MA,27442610,GIFFORD STREET WELLNESS CENTER LLC,NEW BEDFORD,MA,0.0,120
5c3fb42d-2747-380c-89f9-dbaf53d1a244,8e3ca57f-6f74-3d61-9803-ab1424290216,Micaela928 Batista148,F,GENERAL PRACTICE,ANDOVER,MA,18102036,ACADEMY MANOR,ANDOVER,MA,0.0,2
f857d045-66e1-3171-9bb0-ebc265ab7d49,fa09396a-2926-3b21-ad0c-9f6cabbce0eb,Moshe758 Bartoletti50,M,GENERAL PRACTICE,NORWOOD,MA,20625061,WOONSOCKET URGENT CARE PC,NORWOOD,MA,0.0,1
4db91c9d-6462-3886-acb0-c5634a6f6cdc,fa61a21b-27de-3ba7-bc4a-0d7145bf72a6,Roger751 Rodriguez71,M,GENERAL PRACTICE,BEVERLY,MA,19156126,STANDARDS CARE STAFFING  INC,BEVERLY,MA,0.0,3
98ce4d68-0238-31b2-a4b9-0aea80b72cba,1ddd51d1-7297-3c3b-bad5-98aecd5e4a79,Derrick232 Kub800,M,GENERAL PRACTICE,BURLINGTON,MA,18033735,BAYADA HOME HEALTH CARE  INC,BURLINGTON,MA,0.0,3
474f1ffa-aa2d-331c-a588-6e9778c8de89,4cb90b5f-734d-322f-a2f2-776824e1ce35,Irvin970 Emard19,M,GENERAL PRACTICE,LONGMEADOW,MA,11061719,SPECTRUM HOME HEALTH AND HOSPICE CARE,LONGMEADOW,MA,0.0,9
81d313ce-ff1e-3acb-bfe7-6b800ea926a6,2e1eaaf1-ebb0-332c-8921-f48e15b91879,Delmer311 Nolan344,M,GENERAL PRACTICE,QUINCY,MA,21711599,ALLIANCE HEALTH AT MARINA BAY,QUINCY,MA,0.0,1
c1b55235-7091-3025-b781-97ca3d214084,c272e12f-e154-3fee-b05d-b7c0cab2657d,Trinidad33 King743,M,GENERAL PRACTICE,NORWOOD,MA,20623487,STEWARD NORWOOD HOSPITAL INC,NORWOOD,MA,0.0,44
58ff3850-89e6-36db-8e6b-39a7ac18212a,b66db758-a205-3227-9cfb-bf19d2c1962d,Jamal145 Stroman228,M,GENERAL PRACTICE,ALLSTON,MA,21342702,ART OF CARE INC,ALLSTON,MA,0.0,2
4bb1ecf8-ddb9-3aa2-996f-149c42ad574c,32fcdfba-8c93-30f4-b15b-dd3b65c29deb,Sparkle906 Bernhard322,F,GENERAL PRACTICE,HADLEY,MA,10359715,ELAINE CENTER AT HADLEY,HADLEY,MA,0.0,1
3ebb6934-bb9c-3d64-b9bd-9d681c3386ea,764bf964-6ab7-30eb-885b-3d713ca43265,Carrol931 Wilderman619,F,GENERAL PRACTICE,WELLFLEET,MA,26677402,OUTER  CAPE HEALTH SERVICES,WELLFLEET,MA,0.0,178
45784c4a-5534-30d3-850d-536a5d011ca4,02c936e2-3aee-38b2-88a4-81f3689b7bb7,Royce974 Kohler843,F,GENERAL PRACTICE,BOSTON,MA,21203320,BENJAMIN HEALTHCARE CENTER,BOSTON,MA,0.0,2
7f4885dd-69cd-3731-8f96-dcf65998d159,5f7663da-4b19-3629-b8f2-fb07d75421d9,Elena945 Correa904,F,GENERAL PRACTICE,SOUTH HAMILTON,MA,19821808,ESSEX COUNTY PRIMARY CARE,SOUTH HAMILTON,MA,0.0,45
0165ac76-c457-3d04-9233-777defd67da6,bff65303-97b4-3841-950a-1c9e9e735de0,Omar359 Schimmel440,M,GENERAL PRACTICE,FALL RIVER,MA,27212202,SOUTHPOINTE REHAB CENTER LLC,FALL RIVER,MA,0.0,1
a4eab55c-e961-3c5c-9937-b0f930dd0caf,bf556284-7513-3620-a10e-5393183a9a87,Jesus702 Roob72,M,GENERAL PRACTICE,FALL RIVER,MA,27211733,STEWARD ST. ANNES HOSPITAL CORPORATION,FALL RIVER,MA,0.0,171
2ee862b1-5721-3d6b-9998-03893fe529e7,2b84e56e-08b4-3078-b3ea-4d159208e065,Verda448 Bahringer146,F,GENERAL PRACTICE,BRIDGEWATER,MA,23242301,HORIZONS HEALTH & WELLNESS LLC,BRIDGEWATER,MA,0.0,35
e6912561-a100-3d45-90d8-2661c0859e1e,7b9a19b2-d900-3f93-a47b-4b88491fb57b,Francis500 Witting912,M,GENERAL PRACTICE,DUXBURY,MA,23324647,BANE BAY PATH LLC,DUXBURY,MA,0.0,4
8f62a589-e1fe-3d14-9106-8ca06274a02c,4ffa4412-1493-3beb-b8f0-6614dde953a4,Harland508 Ryan260,M,GENERAL PRACTICE,WAREHAM,MA,25715011,SOUTHCOAST HOSPITAL GROUP  INC,WAREHAM,MA,0.0,66
b923b7b5-27c7-39e4-bd9b-28b225aba47f,ede4a423-6258-3ef5-b5ba-0fa6bb579563,Pablo44 Paucek755,M,GENERAL PRACTICE,FITCHBURG,MA,14205478,COMMUNITY HEALTH CONNECTIONS,FITCHBURG,MA,0.0,62
38a172fe-1414-37b0-9539-5eae5c9fc892,a14e698d-a9ba-3eae-9c8b-682ec726433d,Brian582 Cummerata161,M,GENERAL PRACTICE,LYNN,MA,19052408,LYNN URGENT CARE LLC,LYNN,MA,0.0,100
e56467da-a2d3-3983-a0df-968ca0091281,69eae27b-7445-3652-bd34-b535abe0b011,Sidney996 Schneider199,M,GENERAL PRACTICE,QUINCY,MA,21696003,MANET COMMUNITY HEALTH CENTER  INC.,QUINCY,MA,0.0,35
88a420fc-8350-38be-87a7-ae479e031b9f,dd9914b0-9491-3330-a890-d34e95e497ea,Taylor21 Haley279,M,GENERAL PRACTICE,NEW BEDFORD,MA,27406728,CHILD & FAMILY SERVICES  INC.,NEW BEDFORD,MA,0.0,57
423205d0-99cd-3e74-8f8c-a601edafd4ae,4c1a8ea6-b690-3c28-a02e-ebd82190ee65,Marcos263 Cronin387,M,GENERAL PRACTICE,BOSTON,MA,21111415,SOUTH COVE COMMUNITY HEALTH CENTER  INC,BOSTON,MA,0.0,3
f58439a8-fee7-32fa-b8f4-437f1349b8aa,b6eeaaf7-1683-3bcb-b6ee-81ce304636ef,Ariane992 Pagac496,F,GENERAL PRACTICE,MELROSE,MA,21763225,MELROSEWAKEFIELD HEALTHCARE  INC,MELROSE,MA,0.0,23
50ddb25a-464c-3f25-9fd5-a4e9525a7e0b,1c42af32-f17e-32ec-b007-4ff8e2de493e,Ivette731 Wunsch504,F,GENERAL PRACTICE,STOUGHTON,MA,20723396,GOOD SAMARITAN MEDICAL CENTER,STOUGHTON,MA,0.0,73
f77f281e-dc6a-3757-bcb8-74272016c0f0,b0b89e26-30e3-35d4-af87-29fb529579cf,Tran115 Jakubowski832,F,GENERAL PRACTICE,FALL RIVER,MA,27205432,CLIFTON HOSPICE SERVICES  LLC,FALL RIVER,MA,0.0,1
791fa851-1380-3d29-a458-0794a421b840,ea153d0a-9ccc-3769-9a25-934b417071b7,Tashina114 Towne435,F,GENERAL PRACTICE,FRAMINGHAM,MA,17015354,NEW ENGLAND FAMILY HEALTH LLC,FRAMINGHAM,MA,0.0,30
613bceb1-6a05-35e2-9e38-4582b974fd6a,18061fd5-fda8-3e2d-87f0-0f3c87211bcc,Margarite168 Koepp521,F,GENERAL PRACTICE,SOMERVILLE,MA,21431408,CAMBRIDGE PUBLIC HEALTH COMMISSION,SOMERVILLE,MA,0.0,320
51ba01be-5952-3b18-aca3-48c78e96d6ea,1faab3d1-2ae5-3110-8e5f-c65b92ca906d,Theodore876 Ankunding277,M,GENERAL PRACTICE,GREAT BARRINGTON,MA,12301713,FAIRVIEW HOSPITAL,GREAT BARRINGTON,MA,0.0,128
00ae3b0a-fb60-35ec-b339-0c41b9d56b01,76281d34-caff-30e0-8545-bcdf33182109,Jewell855 Schmeler639,M,GENERAL PRACTICE,SOMERSET,MA,27252051,CLIFTON REHABILITATION NURSING CENTER,SOMERSET,MA,0.0,56
3b8000ea-4a20-3cbb-914d-3b1f4b79c9c1,7489f6e0-fee6-3fff-90b6-444868eb907c,Kasey569 Rau926,M,GENERAL PRACTICE,AVON,MA,23221182,ABBOTT HOME HEALTH CARE  INC,AVON,MA,0.0,6
60eb74c7-d184-3f61-bf21-474cadf13a7e,06f1d816-dd54-3409-bd94-8dc2745f807c,Erin498 Hand679,M,GENERAL PRACTICE,BYFIELD,MA,19221221,ELARA CARING,BYFIELD,MA,0.0,2
c063faea-9699-3c76-aba6-2858db4f47e8,545dcda5-7471-374e-9251-b4b685197d3c,Lezlie553 Koss676,F,GENERAL PRACTICE,GARDNER,MA,14402637,COMMUNITY HEALTH CONNECTIONS  INC,GARDNER,MA,0.0,47
8fb69a4f-b34c-3986-81ef-378483918eab,43e33b67-64ac-3314-99ee-114fb2b56b80,Fidel864 Cummerata161,M,GENERAL PRACTICE,WEST SPRINGFIELD,MA,10894681,TRINITY HEALTH OF NEW ENGLAND AT HOME,WEST SPRINGFIELD,MA,0.0,21
8f16a097-f9bb-38a2-b7b9-e0ece1f055fa,fe30f2b4-9bc8-346e-afba-4455d1766545,Wilson960 Turner526,M,GENERAL PRACTICE,CHELSEA,MA,21502010,KATZMAN FAMILY CENTER FOR LIVING,CHELSEA,MA,0.0,8
6bfd2a9f-5c7b-3a7e-be40-fc5f676dd74b,00fde0ed-5951-3b9f-8413-0f25f85a8d4f,Elmo857 Hodkiewicz467,M,GENERAL PRACTICE,ORLEANS,MA,26533278,NAUSET FAMILY PRACTICE LLC,ORLEANS,MA,0.0,62
29e69e63-32ee-385c-a255-b20e0e70755c,6cf8a214-8d57-3267-85e5-7719e15cd63e,Daniela614 Hinojosa147,F,GENERAL PRACTICE,JAMAICA PLAIN,MA,21303735,LEMUEL SHATTUCK HOSPITAL,JAMAICA PLAIN,MA,0.0,41
b3fe820e-7935-301e-a9d2-a7b9184108a4,13161e5b-02d2-3d19-8b48-26ef0becfc83,Erasmo545 Crooks415,M,GENERAL PRACTICE,CHELSEA,MA,21504019,LEONARD FLORENCE CENTER FOR LIVING,CHELSEA,MA,0.0,8
7eeab502-fa45-32b6-bfee-14299965c5fc,4bc0cc09-77e5-37f5-844d-64a6637cae54,Ahmed109 Feil794,M,GENERAL PRACTICE,WESTFIELD,MA,10851801,WESTERN MASSACHUSETTS HOSPITAL,WESTFIELD,MA,0.0,79
793a0fcb-019c-3919-b7ce-feb6215ed5f9,0fedae9f-701f-3317-9b2f-69aea2202cdc,Sharron285 Batz141,F,GENERAL PRACTICE,WINTHROP,MA,21522715,BOSTON MEDICAL CENTER CORPORATION-,WINTHROP,MA,0.0,125
62ec450b-79f5-3650-b4a1-2ff8b11e91fb,86bbc3aa-e927-3d56-9d77-ab701b4b2926,Tynisha348 Howe413,F,GENERAL PRACTICE,FALL RIVER,MA,27205496,FALL RIVER JEWISH HOME  INC,FALL RIVER,MA,0.0,5
e877ee19-5e78-3175-a4dd-47a77f68a529,a3327df4-d092-350b-b551-e60c82076c9a,King743 Predovic534,M,GENERAL PRACTICE,W BROOKFIELD,MA,15853232,WEST BROOKFIELD FAMILY PRACTICE,W BROOKFIELD,MA,0.0,63
6c552cc1-9643-3620-8f30-abd6dfd8e8c7,aade280a-3b90-3e48-9648-91109a964a63,Josef103 Klein929,M,GENERAL PRACTICE,DARTMOUTH,MA,27473826,AP MEDICAL LLC,DARTMOUTH,MA,0.0,290
d430982d-4c21-3318-a757-c289ce1f71d3,18764c6a-31fe-391c-80ac-6a5b761e06d6,Eleonor544 Doyle959,F,GENERAL PRACTICE,PLYMOUTH,MA,23602129,19 OBERY STREET OPERATOR LLC,PLYMOUTH,MA,0.0,1
f030e71a-dc25-36a0-97b1-a3ee354e6820,e59fb2d5-508c-38c6-af2e-21d8216dd2b0,Nicholle822 Fisher429,F,GENERAL PRACTICE,WARE,MA,10821625,BAYSTATE MEDICAL CENTER,WARE,MA,0.0,61
906a082d-8cf5-3b74-a480-df7d1ab32ae0,7a3b8310-02eb-3c47-aa1b-3f55b3ed9de9,Lauretta754 Dare640,F,GENERAL PRACTICE,NORTHAMPTON,MA,10602545,ON CALL URGENT CARE  LLC,NORTHAMPTON,MA,0.0,2
5b0a2fbf-7b2e-31a0-9ec2-2ddaae553b4d,ecadbc11-930c-3903-b706-f8ef4bc9089e,Erwin847 Baumbach677,M,GENERAL PRACTICE,SPRINGFIELD,MA,11031109,PRIMARY CARE ASSOCIATES LLC,SPRINGFIELD,MA,0.0,88
f11b9214-4130-35d0-9732-0d120a4d9a7e,4423a3d7-46d2-3713-bf15-197f9e0fabf5,Scarlett814 Hettinger594,F,GENERAL PRACTICE,PITTSFIELD,MA,12015117,AMEDISYS HOME HEALTH CARE,PITTSFIELD,MA,0.0,23
97343773-4c48-3603-80fc-6202af935ea5,440fa4b8-c731-3cf5-81d9-aa3f30a37b95,Bennie663 Abbott774,M,GENERAL PRACTICE,PEABODY,MA,19602901,LAHEY HOSPITAL & MEDICAL CENTER  BURLINGTON,PEABODY,MA,0.0,297
784cccb2-245e-39c6-8af6-c86e0e295ed2,a1434ca1-a1ac-3884-abc7-fc4c35cc8b68,Connie24 Dietrich576,F,GENERAL PRACTICE,NORTH CHATHAM,MA,26501154,LIBERTY COMMONS,NORTH CHATHAM,MA,0.0,41
21e30dc9-34fe-3688-a539-f9442cd82ef9,0fab3c4e-a028-39a6-b15a-be5a88b6aa2a,Miyoko154 Paucek755,F,GENERAL PRACTICE,LUDLOW,MA,10563437,ENCOMPASS HEALTH REHAB HOSPITAL OF WESTERN MASS,LUDLOW,MA,0.0,512
19f671bc-64aa-35ac-aa42-72e5ade133b8,b0016371-afcb-37a6-8f90-5e3786e7806f,Shella455 Toy286,F,GENERAL PRACTICE,WORCESTER,MA,16091120,JEWISH HEALTHCARE CENTER INC,WORCESTER,MA,0.0,2
45cc03b9-f6af-360d-93d7-1167d6466257,aaa7ebaf-b1a0-38c1-ba89-a16712cf431c,Violette536 Halvorson124,F,GENERAL PRACTICE,BRIDGEWATER,MA,23242420,BRIDGEWATER NURSING HOME,BRIDGEWATER,MA,0.0,5
d6e955e8-8ee0-3169-835a-def6baf3a3c6,e9a24be5-b0a3-3fd2-a606-dd13498024ea,Estella474 O'Hara248,F,GENERAL PRACTICE,NORTON,MA,27662307,NORTON HEALTH CARE PC,NORTON,MA,0.0,37
0c85bf82-bf3c-3faa-a8ed-77a765ffb386,2befa435-3070-3350-a15c-e43ac1e84b24,Teressa589 Schuster709,F,GENERAL PRACTICE,HOLYOKE,MA,10406604,HOLYOKE VISITING NURSE ASSOC & HOSPICE LIFE CARE,HOLYOKE,MA,0.0,2
56be4824-5e88-3953-8d70-41428201d5f9,00ffb204-07b4-3c72-a678-fa252e6cf86c,Alex454 Satterfield305,M,GENERAL PRACTICE,LEXINGTON,MA,2420,BEDFORD-LEXINGTON INTERNAL MEDICINE  PC,LEXINGTON,MA,0.0,40
f00d8372-40dd-3d8d-a523-f8031f513d7f,b8421363-9807-3b16-a146-95336eea5cfb,Cleveland582 Kuphal363,M,GENERAL PRACTICE,NORTHAMPTON,MA,10602052,COOLEY DICKINSON HOSPITAL INC,NORTHAMPTON,MA,0.0,49
829bc0cb-6e9f-3304-9be8-bc54244fc632,8424b5ec-ba0a-32e9-94ae-a9d397884093,Booker670 Casper496,M,GENERAL PRACTICE,LAWRENCE,MA,18431456,GENTLE HOME CARE SERVICES,LAWRENCE,MA,0.0,27
6520b1ea-fa9c-3024-88a8-231716e273ab,3076e02a-deac-3e81-96a9-1d32cbda6fca,Randy380 Kilback373,F,GENERAL PRACTICE,GARDNER,MA,14403901,GARDNER REHABILITATION AND NURSING CENTER,GARDNER,MA,0.0,10
1f9ef52d-754d-3c7c-8133-d436393ba259,65f0254a-73a3-3b06-bced-54d511445535,Elbert916 Carter549,M,GENERAL PRACTICE,MARLBOROUGH,MA,17523766,ALLIANCE HEALTH AT MARIE ESTHER,MARLBOROUGH,MA,0.0,4
ec3a4a60-c2e3-33ca-b828-3b8018896528,901c2d40-1ca3-3879-9a20-c663b8adc0a9,Emory494 Schuster709,M,GENERAL PRACTICE,STONEHAM,MA,21802445,TUFTS MEDICAL CENTER,STONEHAM,MA,0.0,7
c44c1776-121c-3021-9895-b3319722e0a7,e6cc6043-299a-3581-8f6b-b3b5d62c46ae,Ellen406 Farrell962,F,GENERAL PRACTICE,SPRINGFIELD,MA,11082458,CARING HEALTH CENTER  INC,SPRINGFIELD,MA,0.0,53
aefef2a4-9260-3939-8a77-b58f33889467,b9e35b8a-9831-32d8-a6dc-d7a546c126b0,Domenic627 Blick895,M,GENERAL PRACTICE,SPRINGFIELD,MA,11092550,VIBRA HOSPITAL OF WESTERN MASS - CENTRAL CAMPUS,SPRINGFIELD,MA,0.0,145
bc6cf9c9-ac16-3715-8370-dd19ea5d6fa1,22249c0a-8ce9-3726-a3bb-b037c773ce5c,Thaddeus38 Sauer652,M,GENERAL PRACTICE,DORCHESTER,MA,21223103,BOSTONIAN NURSING CARE & REHABILITATION CTR  THE,DORCHESTER,MA,0.0,8
3f25b858-ba73-3fb3-9fd1-2b463069e3a7,7a75decf-7d3f-3b0d-8c2b-3abf0a8c7f58,Afton574 Kulas532,F,GENERAL PRACTICE,MIDDLETON,MA,19491003,NEW ENGLAND PROFESSIONAL HOME HEALTH CARE LLC,MIDDLETON,MA,0.0,53
50c27ad2-62ef-39bf-ae92-cdbab4f45e4f,38508743-50d1-3429-8fe2-37e42ddaf20e,Marth98 Mayer370,F,GENERAL PRACTICE,GREENFIELD,MA,13012778,BAYSTATE FRANKLIN MEDICAL CENTER,GREENFIELD,MA,0.0,144
c8d92301-462c-3b57-8806-3d324182ab2c,2f735290-1603-31b5-b561-7c8e0d413170,Amado512 Adams676,M,GENERAL PRACTICE,FOXBOROUGH,MA,20352878,BL HEALTHCARE INC DELEWARE,FOXBOROUGH,MA,0.0,42
783fe011-4e06-3eed-9de0-d68328c6a7d0,954e01a8-3b27-314e-9c77-254f1ac9c917,Graciela518 Lehner980,F,GENERAL PRACTICE,Plymouth,MA,2360,Plymouth Outreach Clinic,Plymouth,MA,0.0,83
b6847d07-891d-3a0f-8841-986be5494df0,9b1f8cd0-2246-3f4f-82df-23ea314c7665,Claudio955 Bruen238,M,GENERAL PRACTICE,LAWRENCE,MA,18414617,LOWN ACQUISITION LLC,LAWRENCE,MA,0.0,2
ed339e72-f569-3bf3-96f6-554abbf3ee80,655f2a4f-419c-39d3-8ed6-6c4117eb7e32,Gerardo48 Herzog843,M,GENERAL PRACTICE,NORTH READING,MA,18641326,NORTH READING INTERNAL MEDICINE PC,NORTH READING,MA,0.0,15
7c2b5fbd-5047-3174-a8bc-67dd8a22a92a,0caa0116-ef9a-3d4c-bcff-9c405a9d2bda,Aubrey96 Emard19,M,GENERAL PRACTICE,PLYMOUTH,MA,23604054,TRANQUILITY HEALTH AND WELLNESS PROFESSIONALS LLC,PLYMOUTH,MA,0.0,62
11687186-dc8d-39c9-83d1-387153d9c8d1,d4e48a16-0a60-3e90-81e5-c35b22ffe6af,Elmer371 Kutch271,F,GENERAL PRACTICE,NORTH ADAMS,MA,12473027,GREEN MOUNTAIN URGENT CARE LLC,NORTH ADAMS,MA,0.0,5
4017bd91-3e46-3ba5-a9ec-58fddb0a8778,39c15c0f-5c49-311e-99d2-1fb99d80e06e,Salvador46 Homenick806,M,GENERAL PRACTICE,DORCHESTER,MA,21223134,HARBOR HEALTH SERVICES INC,DORCHESTER,MA,0.0,29
f44e3736-e06f-341e-88da-dc0269acdeaa,bccd7d67-203c-3d93-b6b0-bff5a146cd1d,Paulene52 Kihn564,F,GENERAL PRACTICE,STOUGHTON,MA,20721763,CARECENTRAL URGENT CARE MEDICAL GROUP PC,STOUGHTON,MA,0.0,62
8a070b89-f6b0-3ef8-885d-69be2d641a6d,63cb4d95-04a9-3a35-b5d9-f89e0377a48d,Chu728 Weber641,F,GENERAL PRACTICE,ATTLEBORO,MA,27033143,STURDY MEMORIAL HOSPITAL INC,ATTLEBORO,MA,0.0,45
803d8ad0-984d-3da9-896a-5fb78e088dec,3d09dd1a-257d-3eee-977d-1b076002cf2d,Temple691 Reichert620,F,GENERAL PRACTICE,LEE,MA,12389181,620 LAUREL STREET OPERATOR LLC,LEE,MA,0.0,1
b7d942a1-256a-35de-8cb5-6d5ccc2c8920,db28cc9a-fdfb-35a6-aef7-ab9b933ef244,Clement78 Gleason633,M,GENERAL PRACTICE,CAMBRIDGE,MA,21385402,CAMBRIDGE REHABILITATION & NURSING CENTER,CAMBRIDGE,MA,0.0,35
9392cb51-1847-3407-9d4d-77af734d10b1,9d0e702d-50a0-3f4c-9126-0951d560fd4b,Hellen346 Roberts511,F,GENERAL PRACTICE,WORCESTER,MA,16024339,NEW ENGLAND REHABILITATION SERVICES OF CENTRAL MASSACHUSETTS INC,WORCESTER,MA,0.0,209
647cd746-f56b-3ea0-922e-a8dd38364886,c656d426-a307-372e-85f4-add29b4f178b,Quincy153 Larkin917,M,GENERAL PRACTICE,FALL RIVER,MA,27212367,VMD PRIMARY PROVIDERS OF RHODE ISLAND PC,FALL RIVER,MA,0.0,54
11b42090-b092-326b-9170-e6d326339ce1,c7542447-e06e-32cb-b6db-243c23a0dbc2,Chantell995 Krajcik437,F,GENERAL PRACTICE,BOSTON,MA,21353602,FRANCISCAN HOSPITAL FOR CHILDREN INC,BOSTON,MA,0.0,200
d4bd2a79-a27a-3a81-883d-8fb619a90985,d9fe2c9c-135e-3da3-8de8-1a0ff165d886,Eldridge510 Marquardt819,M,GENERAL PRACTICE,WORCESTER,MA,16091121,JEWISH FAMILY & CHILDREN'S SERVICE,WORCESTER,MA,0.0,81
d52ed974-e054-3b0e-98cb-2bded32bc9ea,8bf5325a-c11b-35c4-b07d-17a5aeba8353,Penni796 Okuneva707,F,GENERAL PRACTICE,SPRINGFIELD,MA,11511001,BEACON HOSPICE  AN AMYEDISYS COMPANY,SPRINGFIELD,MA,0.0,5
adb0f45c-660a-3498-8720-e10add955ea4,aba3e6f6-4562-342e-b90f-dd61b117f394,Maryjane289 White193,F,GENERAL PRACTICE,SPRINGFIELD,MA,11072008,MEDICAL EXPRESS URGENT CARE CENTER CO INC,SPRINGFIELD,MA,0.0,16
31cd0a9e-5353-37b7-a147-d0d4ab6432e0,47fb5a56-bee5-3ecd-9958-706b20831c82,Karey608 Torp761,F,GENERAL PRACTICE,WOBURN,MA,18016356,BETH ISRAEL LAHEY HEALTH AT HOME,WOBURN,MA,0.0,3
3c802e82-d77b-322a-a8c9-2bd06510a8c4,72f50aa0-d8c9-34dc-ac58-c428323f3bcd,Lourdes258 Agosto501,F,GENERAL PRACTICE,BOSTON,MA,21142696,BOSTON HEALTH CARE FOR THE HOMELESS PROGRAM INC,BOSTON,MA,0.0,76
467cfdc0-5854-3cf7-93c3-48277f7d079f,eee00932-ca82-36bc-b7e8-e3fff6dbaeaa,Cira533 Hane680,F,GENERAL PRACTICE,WEYMOUTH,MA,21893141,DANA FARBER CANCER INSTITUTE,WEYMOUTH,MA,0.0,34
bd429a94-c817-36f8-a514-dbb09ac811d1,a194e94a-dd16-347e-95ea-8d00052c14d1,Octavio643 Gusikowski974,M,GENERAL PRACTICE,S YARMOUTH,MA,26645254,BASS RIVER HEALTHCARE ASSOCIATES INC,S YARMOUTH,MA,0.0,6
fbb5e8ea-617a-36f3-8bff-06762131e63a,6873525f-1680-3ceb-b536-270d44b46e2e,Lai148 Nicolas769,F,GENERAL PRACTICE,DORCHESTER,MA,21252322,UPHAMS CORNER HEALTH COMMITTEE INC,DORCHESTER,MA,0.0,85
2db2fcdd-4971-3b00-9bba-5ccf864da4bc,f8918a95-31e8-3ac4-8d12-29ca6080ebda,Domitila545 Vandervort697,F,GENERAL PRACTICE,MILTON,MA,21863926,BETH ISRAEL DEACONESS HOSPITAL MILTON INC,MILTON,MA,0.0,202
7f3e6e67-3652-34d5-94df-1418f7c49088,9cec3b3c-fe3f-344e-b9c3-e414dafcd19f,Parthenia862 Dickens475,F,GENERAL PRACTICE,MALDEN,MA,21486904,120 MAIN STREET OPERATOR LLC,MALDEN,MA,0.0,1
ba6e646c-1f02-3438-968b-fe258352130a,3ff0f58b-7a1f-3334-9449-ff15f68b7d86,Crystle668 McCullough561,F,GENERAL PRACTICE,PLYMOUTH,MA,23607761,BETH ISRAEL DEACONESS HOSPITAL PLYMOUTH INC,PLYMOUTH,MA,0.0,567
4d202347-0c4c-3319-9a0d-c6a32a3c4054,70e3ad4f-b9ff-3f3e-9990-2cd7e23a9d1c,Tambra47 Bosco882,F,GENERAL PRACTICE,WEST SPRINGFIELD,MA,10894675,HEALTH-MD URGENT CARE,WEST SPRINGFIELD,MA,0.0,4
b3ce35b1-d7c6-38eb-963a-40b5c58f2ca8,8ddbad9e-b5fc-3895-8a1c-17f32197a865,Barrie587 Nicolas769,F,GENERAL PRACTICE,CHATHAM,MA,26332083,BROAD REACH HOSPICE,CHATHAM,MA,0.0,10
2000f057-7788-38f5-9e6a-a906a38bd087,dd280187-8662-3732-af81-595d10572911,Mertie42 Lakin515,F,GENERAL PRACTICE,NEW BEDFORD,MA,27454707,4499 ACUSHNET AVENUE OPERATING COMPANY  LLC,NEW BEDFORD,MA,0.0,262
95445153-2b51-343a-8559-b668856db3d7,004554b4-3068-3938-832d-fa7cbe1cd1fb,Lacy523 Littel644,M,GENERAL PRACTICE,WEYMOUTH,MA,21903951,DWYER HOME,WEYMOUTH,MA,0.0,4
763eb952-2888-36f0-99cc-d3c4063ed3d6,dae3ee01-f383-366e-9ad6-dc92963064ea,Kristin64 Will178,F,GENERAL PRACTICE,HOLYOKE,MA,10405381,MERCY MEDICAL CTR,HOLYOKE,MA,0.0,2
ced6866f-6b34-3b41-93c8-60a01e5b5735,dac75bc1-cbfa-306b-9a0a-88d5edf3638d,Henry768 Ebert178,M,GENERAL PRACTICE,BRIGHTON,MA,21358244,BRIGHTON HOUSE REHABILITATION & NURSING CENTER,BRIGHTON,MA,0.0,8
c3ccfe49-9e32-3fe8-8432-f3127d5e6af4,b7488009-cd48-3a0d-87c4-6c47d1ceb3c8,Marielle507 Hayes766,F,GENERAL PRACTICE,BRAINTREE,MA,21844301,ROYAL BRAINTREE NURSING AND REHABILITATION CENTER,BRAINTREE,MA,0.0,7
acfaf8ba-e214-3ee7-ba2e-a94a27dbd9a2,87472bc2-7c23-37cc-8355-7f3e88614b6b,Leilani136 Kris249,F,GENERAL PRACTICE,EAST LONGMEADOW,MA,10282765,EAST LONGMEADOW SKILLED NURSING CENTER,EAST LONGMEADOW,MA,0.0,50
71b7da5c-da57-3dab-ad11-0cfe9853dc72,af3871c3-2098-3051-bcb7-8a919e194a16,Rafael239 Hernádez343,M,GENERAL PRACTICE,WEYMOUTH,MA,21893110,HEALTHCARE SOUTH PC,WEYMOUTH,MA,0.0,43
b0d2f6e0-226e-3f12-b165-d337b2f5d2b3,542185c1-943a-30f4-aba0-0efaa92488a4,Wilbur107 Rau926,M,GENERAL PRACTICE,ARLINGTON,MA,24764738,EVEREST HEALTH CARE SPECIALISTS PLLC,ARLINGTON,MA,0.0,34
cbcb57be-d697-3992-b42a-55bfd77e5650,9f2f60a6-87a4-3f45-b753-b63b5b7e9993,Raul814 Considine820,M,GENERAL PRACTICE,BOSTON,MA,21131901,NORTH END COMMUNITY HEALTH COMMITTEE INC,BOSTON,MA,0.0,37
e87e76b3-9788-3881-bbba-0446108a48ab,ab16be57-62ea-39a5-8f7a-ee1285cf6934,Ciara810 Gibson10,F,GENERAL PRACTICE,PETERSHAM,MA,13669503,THE MCLEAN HOSPITAL CORPORATION,PETERSHAM,MA,0.0,10
1a56331b-306e-3b65-8426-5253203a9f67,4ffc4e4b-9d8d-3c30-ad84-fc9a7209da94,Troy560 Carter549,M,GENERAL PRACTICE,NEW BEDFORD,MA,27454727,OAKS  THE,NEW BEDFORD,MA,0.0,2
7a7bbf3d-a7e9-3768-9fd7-c6b1ab13c9d0,bebc1dac-6c42-3225-b0ba-23278cdf2a62,Cherry401 Hackett68,F,GENERAL PRACTICE,AGAWAM,MA,10011826,MEMORY SUPPORT OF HERITAGE HALL,AGAWAM,MA,0.0,2
23ab92b7-7f64-3d7f-a587-7a7fbfdbd7d6,5a6fa8a5-90e2-3f70-bb3e-3d9dd7ad2f96,Myrle831 D'Amore443,F,GENERAL PRACTICE,CHICOPEE,MA,10204857,CHICOPEE REHABILITATION AND NURSING CENTER LLC,CHICOPEE,MA,0.0,3
f1c9f3fe-6452-3919-8f11-0bcd665c4396,e69e7cbb-8362-30d1-83f2-3a0c492fe2b1,Isaac321 Kub800,M,GENERAL PRACTICE,PLYMOUTH,MA,23602642,PLYMOUTH CARVER PRIMARY CARE  P.C.,PLYMOUTH,MA,0.0,207
25c54188-a951-3590-bd47-ae05e76772e6,d13ac855-c068-3b57-8d65-fc3c90f32558,Dorsey40 Orn563,M,GENERAL PRACTICE,BREWSTER,MA,26312870,PLEASANT BAY OF BREWSTER REHAB CENTER LLC,BREWSTER,MA,0.0,6
b07a1340-6b7e-37ca-8b44-db4cbd4b1cf8,afc661fd-71d9-3fc3-adf2-3fc3b5e8a140,Hyman89 Schmeler639,M,GENERAL PRACTICE,RAYNHAM,MA,2767,BROCKTON HOSPITAL  INC.,RAYNHAM,MA,0.0,232
5063e6eb-51b2-306b-be81-baaf50cb868e,98bf9e06-f827-310f-8022-35ee33686f76,Edward499 Torp761,M,GENERAL PRACTICE,REVERE,MA,21514923,LIGHTHOUSE OF REVERE  INC.,REVERE,MA,0.0,1
124a07ac-ea11-3009-8ed4-c19a317bd79e,759de184-595f-3131-ba20-6a412553496d,Marco578 Pacocha935,M,GENERAL PRACTICE,RANDOLPH,MA,23683901,49 THOMAS PATTEN DRIVE OPERATING COMPANY  LLC,RANDOLPH,MA,0.0,1
8028dc06-d604-32ef-8ef8-087ddff06437,db106514-f254-3402-b6a4-6d210c78c7e2,Morris740 Runolfsdottir785,M,GENERAL PRACTICE,QUINCY,MA,21697833,JOHN ADAMS HEALTHCARE CENTER,QUINCY,MA,0.0,3
3829a89b-9e6b-3e41-ae0f-c9bbeb94b55d,ee7fab6f-6438-394f-b1f2-3e452f8f055a,Domonique463 Satterfield305,F,GENERAL PRACTICE,BEVERLY,MA,19156009,BLUEBERRY HILL REHABILITATION AND HEALTHCARE CTR,BEVERLY,MA,0.0,17
0c716091-d9b6-3e28-a92f-b043c38b7d28,907b1d2f-2bf8-31b5-abc2-14d6b75faa96,Lizeth852 Ernser583,F,GENERAL PRACTICE,MARLBOROUGH,MA,17523200,ASSABET FAMILY PODIATRY  INC,MARLBOROUGH,MA,0.0,57
ecdf6eda-38e5-37dd-a9ae-05a90f56e896,880fad59-9c38-3a21-a39f-ccc801502ab3,Halina47 Pollich983,F,GENERAL PRACTICE,CAMBRIDGE,MA,21381048,SANCTA MARIA NURSING FACILITY,CAMBRIDGE,MA,0.0,10
c984b0e0-61fb-318c-a49e-4cc0a4001aa9,352f2e3b-0708-3eb4-9f7e-e73a685bf379,Gregg522 Willms744,M,GENERAL PRACTICE,SOUTHBOROUGH,MA,17721215,MARLBOROUGH HOSPITAL CORP,SOUTHBOROUGH,MA,0.0,216
c673d6f3-5a82-3297-b364-6c79646a0053,34f7bdc0-0550-333e-a53f-5e2af5a6d4ec,Augustine565 Kreiger457,M,GENERAL PRACTICE,PLYMOUTH,MA,23605450,PLYMOUTH FAMILY OPTOMETRY LLC,PLYMOUTH,MA,0.0,41
2818da00-3603-3457-8d05-cd3dd63dac77,4fa643ae-1f58-3c2e-9f33-0ba56345ad10,Trevor374 Williamson769,M,GENERAL PRACTICE,WAREHAM,MA,25712153,COMPASSIONATE HEALTH CARE GROUP LLC,WAREHAM,MA,0.0,55
2bbdd021-3b8c-322f-afc4-9f6ecb08b399,fb4a08b8-57ee-382b-b3cb-43d94f1bb4c0,Ignacio928 Abeyta738,M,GENERAL PRACTICE,FALL RIVER,MA,27242855,STANLEY STREET TREATMENT AND RESOURCES  INC,FALL RIVER,MA,0.0,45
1b59c4a1-9157-3cf4-baf1-70f100379cc4,2b97893e-dc50-378b-a266-f089b8450329,Magdalena964 Torphy630,F,GENERAL PRACTICE,DORCHESTER,MA,21253120,HARBOR HEALTH SERVICES INC,DORCHESTER,MA,0.0,92
1624c334-e6da-314e-a7cf-2c945ad8d1d7,3d5fbf38-c781-3e04-8c7e-5a402611b7d4,Vito638 Barton704,M,GENERAL PRACTICE,SOMERVILLE,MA,21442951,DAVIS SQUARE FAMILY PRACTICE,SOMERVILLE,MA,0.0,106
f0e815e0-af4a-3873-912b-0f9c9f0583b9,d6b03647-983f-3162-af9e-b12aea026f13,Willetta882 MacGyver246,F,GENERAL PRACTICE,NEWBURY,MA,19501199,HOLISTIC FAMILY PRACTICE  INC.,NEWBURY,MA,0.0,17
74c3ced6-9c79-3941-a49c-f6d73101939d,03c5769d-b185-35ee-b563-9e651cff95bc,Alina705 Rohan584,F,GENERAL PRACTICE,SPRINGFIELD,MA,11092067,LOOMIS SENIOR LIVING  INC,SPRINGFIELD,MA,0.0,1
dd5d1838-9ba2-34e7-93bf-97db5003c749,2f67494e-f17e-3248-ba68-3ca42913cca1,Majorie11 Bergstrom287,F,GENERAL PRACTICE,FAIRHAVEN,MA,27193259,ROYAL OF FAIRHAVEN NURSING CENTER,FAIRHAVEN,MA,0.0,40
ae11a5ff-79d4-3891-86f1-94d1a78b450a,0d19a52f-6f9b-32aa-9aad-6b7027cc668e,Spencer878 Mills423,M,GENERAL PRACTICE,SANDISFIELD,MA,12559621,BERKSHIRE REHABILITATION & SKILLED CARE CENTER,SANDISFIELD,MA,0.0,9
21246d53-76b8-3ff4-934c-4558cdb0e365,52efa2e5-007f-3396-a83a-28ca015f0595,Walton167 Turner526,M,GENERAL PRACTICE,PLYMOUTH,MA,23604090,BAYADA HOME HEALTH CARE INC,PLYMOUTH,MA,0.0,31
7b6a0335-e3b8-386e-a574-3efaeef14b0d,069b90f9-309b-35e4-b990-d1dbacb962cc,Leo278 Strosin214,F,GENERAL PRACTICE,HOLYOKE,MA,10402749,MONT MARIE REHABILITATION & HEALTHCARE CENTER,HOLYOKE,MA,0.0,24
cb05d365-d0f3-342f-8b1b-61ef72346dc8,b3f4de6b-901d-3856-ba81-35dc48a63d17,Darren774 Cronin387,M,GENERAL PRACTICE,NORTH ANDOVER,MA,18455079,BLUEPRINT HEALTHCARE LLC,NORTH ANDOVER,MA,0.0,29
994462cb-30c8-3d67-9180-141ec16dedf7,4ba48ef6-19f2-3177-bfaf-096daaebf26a,Gerald181 Wunsch504,M,GENERAL PRACTICE,BRAINTREE,MA,21845328,SOUTH SHORE HEALTH CARE INC,BRAINTREE,MA,0.0,29
90c06e78-3a45-3e9f-a61f-d8ff3ede0f0e,e5ce3b83-f5e6-308d-aa64-82539fc2d906,Garret233 Dach178,M,GENERAL PRACTICE,BROOKLINE,MA,24451922,FIRST CHOICE HEALTHCARE  INC.,BROOKLINE,MA,0.0,2
eac26f18-a0a3-30cd-a4a4-33c6a12a72c0,936ceb96-2b12-371f-aa68-ee02a9c06f4c,Alan320 Keeling57,M,GENERAL PRACTICE,LYNN,MA,19043124,PRIMARY CARE NORTH PC,LYNN,MA,0.0,28
2cdc4672-2c8c-3981-8178-98764680a1d1,51759ecf-0948-3f61-b8fc-09dd8f2b90a1,Damon455 Schultz619,M,GENERAL PRACTICE,GREAT BARRINGTON,MA,12301108,FAIRVIEW COMMONS NURSING & REHABILITATION CENTER,GREAT BARRINGTON,MA,0.0,14
6933fc88-cbbe-3caf-b93a-f12c593a40cf,a855314b-4fb5-37fc-8015-5caa96c928b1,Terrence276 Kiehn525,M,GENERAL PRACTICE,SPRINGFIELD,MA,11991001,BAYSTATE MEDICAL CENTER INC.,SPRINGFIELD,MA,0.0,342
2852eadd-8619-3865-9530-76395e441c61,48a6d3ab-50ef-349e-8945-2558a78f378e,Mercy752 Kuhlman484,F,GENERAL PRACTICE,SWANSEA,MA,27774114,SAINT ANNE'S HOSPITAL,SWANSEA,MA,0.0,325
df8f65fb-f9a9-3395-b707-b17f827722d1,929528f5-8239-36c7-aacb-39424ede9cc5,Carmine137 Schinner682,M,GENERAL PRACTICE,LENOX,MA,12402018,KIMBALL FARMS NURSING CARE CENTER,LENOX,MA,0.0,13
252e46c0-2da1-3666-ab6b-e79ef3a57645,7b20d1c4-c56b-3647-801c-5e4e13679073,Mozell819 Prohaska837,F,GENERAL PRACTICE,PLYMOUTH,MA,23602183,BETH ISRAEL DEACONESS HOSPITAL PLYMOUTH INC,PLYMOUTH,MA,0.0,479
d7750379-bfd5-34c6-8c40-c1a734c1ec6f,3e97ce4f-3ad7-3cea-883f-e2bb4ca89d83,Fidel864 Swift555,M,GENERAL PRACTICE,READING,MA,18673270,HALLMARK HEALTH URGENT CARE PHYSICIANS LLC,READING,MA,0.0,10
011d97f4-070f-3406-835b-230a8a43c71a,e982819a-87b3-3124-a0f2-85f8afcc7731,Alfred550 Goldner995,M,GENERAL PRACTICE,DANVERS,MA,19233625,DANVERS FAMILY DOCTORS PC,DANVERS,MA,0.0,28
f48dc3d4-8331-30e1-8d1b-820653017d73,36d328a2-68bb-3967-a9bf-00897a7c945f,Jettie913 Rodriguez71,F,GENERAL PRACTICE,MIDDLEBORO,MA,23462905,HANNAH B G SHAW HOME,MIDDLEBORO,MA,0.0,21
d2e4f5d3-4983-361a-b823-a73acbebe920,5225cc87-6a30-303c-a882-5f001cee7f0e,Ila598 Boyer713,F,GENERAL PRACTICE,QUINCY,MA,21712122,MANET COMMUNITY HEALTH CENTER  INC.,QUINCY,MA,0.0,49
e5b11691-b485-376b-a922-4c2437a61309,6d6ef57e-b2ce-3a69-bacf-4305c51834b0,Lesha323 Skiles927,F,GENERAL PRACTICE,SOMERVILLE,MA,21431507,VISITING NURSE AT HIGHLAND INC,SOMERVILLE,MA,0.0,1
16e90428-b14b-3255-a267-eb81d818d270,79d49935-bcc0-36ca-920b-45365c367438,Jamel269 Hudson301,M,GENERAL PRACTICE,SOUTH BOSTON,MA,21272245,SOUTH BOSTON COMMUNITY HEALTH CENTER INC,SOUTH BOSTON,MA,0.0,26
5069ad1a-a40d-3085-a42b-fbc0b4780c48,0f2c58ec-5323-3c0f-9bdf-af0df7eb2a2b,Mana631 Boehm581,F,GENERAL PRACTICE,SOUTH BOSTON,MA,21272642,MARIAN MANOR,SOUTH BOSTON,MA,0.0,28
d36fb216-d36c-3682-ad62-ce1c81f5cdb8,51370692-6296-3150-8672-559fc73f964f,Jeromy156 Okuneva707,M,GENERAL PRACTICE,WEST BRIDGEWATER,MA,23791542,BRIGHAM & WOMENS HOSPITAL INC,WEST BRIDGEWATER,MA,0.0,334
3e615202-54ff-3e5b-902c-f608dc78113d,31e00f85-6909-3d9f-afc6-5ae507ab0c06,Kyle55 Collier206,M,GENERAL PRACTICE,BRAINTREE,MA,21847324,BRAINTREE FAMILY PHYSICIAN INC,BRAINTREE,MA,0.0,55
f6149acf-55be-3547-86ee-b2035bd036de,06376cbe-4880-384b-b459-7ce3eef36ced,Cody889 Ratke343,F,GENERAL PRACTICE,FALL RIVER,MA,27231026,HEALTHFIRST FAMILY CARE CENTER INC,FALL RIVER,MA,0.0,116
c01c5d76-11d1-372b-81a1-b336cb8923ff,2836d9ac-c6a6-39d1-8f13-fdf0fc8928f4,Carlton317 Koch169,M,GENERAL PRACTICE,TEWKSBURY,MA,18761950,TEWKSBURY HOSPITAL,TEWKSBURY,MA,0.0,29
0d63713b-d746-3707-a625-2decdcebc451,82c72223-f521-3a34-9b9b-4ff366365399,Shon148 Reinger292,M,GENERAL PRACTICE,QUINCY,MA,21691870,CARNEY HOSPITAL,QUINCY,MA,0.0,41
815b6397-568e-31b3-883b-59e0e2ac2aef,719db77c-034f-3079-9b12-0d2ec2efeef9,Derick144 Murray856,M,GENERAL PRACTICE,BOSTON,MA,21182006,SOUTH END COMMUNITY HEALTH CENTER INC,BOSTON,MA,0.0,44
3a254cb8-90bf-34c7-bcc0-90ff9a82e255,83579123-f29c-39b8-9f5f-8f79e91683c7,Armando772 Carrera906,M,GENERAL PRACTICE,WORCESTER,MA,16061244,NASH HEALTH CARE PRACTICES LLC,WORCESTER,MA,0.0,19
ab1d6608-76e7-3e4d-9b7e-e5269f031013,adf66683-c158-3efa-8e6c-7b2a273aa4ba,Eden920 Lebsack687,F,GENERAL PRACTICE,MARION,MA,27381546,MRN CORPORATION,MARION,MA,0.0,1
895f65ea-570b-3a71-b987-e06d256013a0,e2eab39c-5195-34aa-b35f-e89e37cfed01,January966 Roberts511,F,GENERAL PRACTICE,WEYMOUTH,MA,21893141,SOUTH SHORE HOSPITAL INC.,WEYMOUTH,MA,0.0,482
0e2c62ae-e13f-3299-8fcc-f64c92b60fe8,1de7e7d9-9a7a-3a3f-bf4c-b4de450711f2,Vince741 Morissette863,M,GENERAL PRACTICE,WESTFORD,MA,18863429,CIRCLE HEALTH URGENT CARE LLC,WESTFORD,MA,0.0,1
ec8033ab-a680-38f6-bda6-5022660aa44b,940d491c-ad61-3bd3-9054-d6d884280934,Petrina721 Huels583,F,GENERAL PRACTICE,DORCHESTER,MA,21221112,ASHMONT HILL  LLC,DORCHESTER,MA,0.0,2
d7a25235-9031-350a-86ff-e66987e57ccc,05cc5056-7af4-3afb-9a5a-d7a1c23a2509,Francis500 Lehner980,M,GENERAL PRACTICE,WEST SPRINGFIELD,MA,10892595,KINDRED AT HOME,WEST SPRINGFIELD,MA,0.0,2
380bdf9a-c3d1-3751-aa0d-0e3c21a585e4,497f39dd-280e-3d58-af5b-c5e3a3a09b10,Arden380 Bergstrom287,M,GENERAL PRACTICE,HYANNIS,MA,26015230,CAPE COD HOSPITAL INC,HYANNIS,MA,0.0,1108
27b42110-832c-3b37-b1c6-a829edaff79b,b0762027-dc86-335b-8310-f4f031c1caca,Buena501 Swift555,F,GENERAL PRACTICE,WEST BRIDGEWATER,MA,23791517,LIFE CARE CENTER OF WEST BRIDGEWATER,WEST BRIDGEWATER,MA,0.0,12
16999732-63c1-3ecf-a312-d26fb5fd5a72,eaaf102d-0188-3a69-a751-030645e2a7b0,Errol226 Kiehn525,M,GENERAL PRACTICE,WAREHAM,MA,25711031,TREMONT HEALTH CARE CENTER,WAREHAM,MA,0.0,4
8ae84542-a5b5-307e-8cdf-2fd0717f0ee9,578b56de-fe9c-32e1-aea4-876f8bc01e9c,Ollie731 Dooley940,M,GENERAL PRACTICE,FALL RIVER,MA,27205211,DR JOHN C CORRIGAN MENTAL HEALTH CENTER,FALL RIVER,MA,0.0,33
9354a17e-4561-3e70-865b-df11757499db,0d7fd824-1c7b-3f8b-a662-f6c2005e82e1,Arminda86 Trantow673,F,GENERAL PRACTICE,CHARLTON,MA,15071394,OVERLOOK MASONIC HEALTH CENTER,CHARLTON,MA,0.0,6
c8d29ed0-6954-387f-b304-5e8ff0fb988c,accb8cdd-6560-3fef-b0a6-f12c3295026a,Gerardo48 Bergstrom287,M,GENERAL PRACTICE,ATTLEBORO,MA,27035115,LIFE CARE CENTER OF ATTLEBORO,ATTLEBORO,MA,0.0,1
19a4ef49-7703-38f6-804f-18c11f7996f2,83445caa-116b-3a1e-a75e-8104d321c4c3,Cythia210 Crona259,F,GENERAL PRACTICE,NORTH READING,MA,18641326,LIGHTHOUSE PRIMARY CARE PC,NORTH READING,MA,0.0,16
a1cc1680-44de-34e4-b021-70b9499f7b60,c5d5a544-0277-342f-8422-d30848a82438,Derick144 King743,M,GENERAL PRACTICE,FALL RIVER,MA,27203201,FAMILY SERVICE ASSOCIATION OF GREATER FALL RIVER INC,FALL RIVER,MA,0.0,33
5180c509-541a-33a7-8ff2-85c192457148,1ab2b5f9-cb95-3236-beec-9b9d4a407c61,Carroll471 Eichmann909,M,GENERAL PRACTICE,PITTSFIELD,MA,12014109,BERKSHIRE MEDICAL CENTER INC,PITTSFIELD,MA,0.0,142
44e5aabb-532d-3b38-beca-572c7d56eace,ec509895-6196-36d1-b91e-272bed7e6196,Norbert530 Veum823,M,GENERAL PRACTICE,ALLSTON,MA,21342406,CHARLES RIVER COMMUNITY HEALTH  INC,ALLSTON,MA,0.0,48
8a04e31c-eadc-3a2e-a798-af68faa82896,4f27686f-c8aa-3dd8-b272-f98bb903b3d7,Keila316 Walker122,F,GENERAL PRACTICE,STOUGHTON,MA,20723762,BEAR MT STOUGHTON LLC,STOUGHTON,MA,0.0,1
4baf4586-102e-3e2d-93ec-19e1a51f422f,41e2a44c-477c-3511-96f9-12c476aa3b6a,Antwan357 Lindgren255,M,GENERAL PRACTICE,BOSTON,MA,21183553,DR SOLOMON CARTER FULLER MENTAL HEALTH CENTER,BOSTON,MA,0.0,1084
4f509922-cbbb-3888-a1df-f36ff4cd5b37,f00601d0-d49e-30ed-bc3e-314379f2103e,Elijah719 White193,M,GENERAL PRACTICE,MELROSE,MA,21763841,MELROSE FAMILY OPTICIANS LLC,MELROSE,MA,0.0,31
be002ab5-6a90-35e7-8ddf-151924c54ef9,9d41e4fc-9507-3ddb-82ad-966046fca031,Ashlyn643 Lehner980,F,GENERAL PRACTICE,WORCESTER,MA,16062465,ODD FELLOWS HOME OF MASSACHUSETTS,WORCESTER,MA,0.0,1
6684fa45-1626-33db-ba11-e4a77cd9b743,5b0cd0a0-f277-3a66-bee6-d64b5be4a3f5,Waldo53 Hintz995,M,GENERAL PRACTICE,PITTSFIELD,MA,12015493,BERKSHIRE MEDICAL CENTER INC - 1,PITTSFIELD,MA,0.0,137
55969c51-a945-3730-ad56-1760e2c85e65,edbb9e9c-3440-3b38-abfc-83a8f0b6bebc,Malik994 Huels583,M,GENERAL PRACTICE,FALL RIVER,MA,27232315,BEAR MT FALL RIVER LLC,FALL RIVER,MA,0.0,1
afcf9a22-4bd5-3b85-a4ac-5a4860eed129,79a06fd6-9f2b-35e3-9b11-0bc5ff89e17c,Lady554 Kovacek682,F,GENERAL PRACTICE,Lynn,MA,1904,Lynn Community Based Outpatient Clinic (CBOC),Lynn,MA,0.0,227
6d193cfc-1621-39d3-901e-41f13fc059f5,b44955d1-f0e2-3beb-a013-708a81dbe430,Ernest565 Runte676,M,GENERAL PRACTICE,WEST BRIDGEWATER,MA,23791600,SIGNATURE HEALTHCARE MEDICAL GROUP INC,WEST BRIDGEWATER,MA,0.0,70
10b7584d-c7ee-357b-9159-6d0133df3b85,ad2dab07-4f85-3950-baaa-7c7cd2aa770c,Elvira561 Ureña88,F,GENERAL PRACTICE,WORCESTER,MA,16550002,UNIVERSITY OF MA MED CTR-ESRD,WORCESTER,MA,0.0,14
bdcf013a-0c8b-3f41-84a8-e2c95168fedd,1d45436f-15a9-326e-a452-2e9ffc9fc5e5,Wilfredo622 Mraz590,M,GENERAL PRACTICE,WESTFIELD,MA,10851832,FAMILY MEDICINE ASSOCIATES,WESTFIELD,MA,0.0,45
363bbe49-3a5f-3dad-b23c-74427f16c054,0d9b0d22-585e-3fd8-ab02-26b5be7915d1,Jean712 Koelpin146,F,GENERAL PRACTICE,SPRINGFIELD,MA,11042330,THE SHRINERS HOSPITAL FOR CHILDREN,SPRINGFIELD,MA,0.0,796
d9a6578f-5e87-3b92-9203-df0aaf9760fc,0d1570ab-371c-3898-9397-95905d8c5166,Santina680 Dicki44,F,GENERAL PRACTICE,BOSTON,MA,21111552,TUFTS MEDICAL CENTER  INC,BOSTON,MA,0.0,120
9991fa38-7a13-3b5f-ab0d-c5a4f209257d,1853aeef-5897-326a-80d6-aa4b0459eb6d,Jewel43 Kassulke119,M,GENERAL PRACTICE,ATTLEBORO,MA,27032247,BARRINGTON URGENT CARE PC,ATTLEBORO,MA,0.0,46
2d24d4e0-f4f3-373b-9fbf-11602e3d6f2a,01bb7b5c-f850-3c4e-a3f1-442d8273559a,Charley358 Effertz744,M,GENERAL PRACTICE,NORTHAMPTON,MA,10603914,NORTHAMPTON WELLNESS ASSOCIATES LLC,NORTHAMPTON,MA,0.0,18
c902156a-3e9a-3931-af28-80c235ba5b81,2ca615f3-87f7-3283-a447-d919a883b676,Isaias604 Dickinson688,M,GENERAL PRACTICE,HANOVER,MA,23391653,HANOVER FAMILY HEALTH & URGENT CARE PC,HANOVER,MA,0.0,8
077c869d-9bfc-3bdd-b779-ab0ec7a18b81,c0a33465-d309-3d2a-932e-9d554a7cc19c,Nathanael908 Rogahn59,M,GENERAL PRACTICE,WORCESTER,MA,16061244,T MASSACHUSETTS  LLC,WORCESTER,MA,0.0,13
bd46bf79-f5ff-3d98-ab11-1ec07f564790,7f32dd7d-5c35-3ddb-839b-8fbbb930d412,María Luisa888 Melgar516,F,GENERAL PRACTICE,FRAMINGHAM,MA,17014813,ST PATRICK'S MANOR,FRAMINGHAM,MA,0.0,3
c5121f16-c5ae-329e-a047-77524b66e486,80646050-1c76-3046-bbc8-fd5f0b7c34e6,Raleigh478 Hauck852,M,GENERAL PRACTICE,FITCHBURG,MA,14201369,COMMUNITY HEALTH CONNECTIONS  INC,FITCHBURG,MA,0.0,34
a0701bf2-e761-3bf9-8d53-68a4f81e1c36,0a689d33-2b0d-3942-8de8-e28812e91c69,Noah480 Pagac496,M,GENERAL PRACTICE,BROOKLINE,MA,24463806,MEASURED WELLNESS LLC,BROOKLINE,MA,0.0,51
fbe48bd2-8a91-3186-aaf6-c38958f8a584,e02d9c87-52cb-3f3c-9f97-fe95f260c437,Elisabeth967 Hoeger474,F,GENERAL PRACTICE,WEST BRIDGEWATER,MA,23791022,OLD COLONY HOSPICE  INC,WEST BRIDGEWATER,MA,0.0,8
0a1fd907-4891-34a8-8e44-e6db53ecaa7a,bb867d36-0c8d-33b4-b19c-a8c026655b6c,Lahoma872 Macejkovic424,F,GENERAL PRACTICE,SPRINGFIELD,MA,11042532,THE NORTHEAST HEALTH GROUP  INC,SPRINGFIELD,MA,0.0,1
e8f68e02-1727-3a93-8458-126f189e41fc,8ec2ca51-abb4-35dd-b90f-6c6aad6d2124,Oda116 Conn188,F,GENERAL PRACTICE,PEABODY,MA,19602311,ALLIANCE HEALTH AT ROSEWOOD,PEABODY,MA,0.0,12
8df2abf4-54a4-3c0c-8c54-ab0e500cb0c6,8af3b144-0e1a-3c90-937d-81a4ed026080,Latasha666 Fay398,F,GENERAL PRACTICE,NORWOOD,MA,20623489,NORWOOD HOSPITAL,NORWOOD,MA,0.0,15
c2a4792e-6cf5-3a51-8520-a3adc960c379,9fdce5d5-d4d0-3156-a8d5-8757bfe4e9b3,Rosario163 Kilback373,M,GENERAL PRACTICE,ARLINGTON,MA,24742866,ONE CALL HEALTHCARE PLLC,ARLINGTON,MA,0.0,58
c8d1394f-85ee-3b17-8df6-9d9e3e007318,c5742266-625d-3824-9ed3-4b5c6bc3e296,Erica194 Goyette777,F,GENERAL PRACTICE,SCITUATE,MA,20664312,SPECTRUM HEALTHCARE PARTNERS PA,SCITUATE,MA,0.0,40
2260461c-3207-3b52-8eff-a89a85721212,52323856-2b6a-3c09-8277-7d4ff9cb325a,Dolores502 Noriega353,F,GENERAL PRACTICE,BROOKLINE,MA,24464406,PARK  MARION AND VERNON STREETS OPERATING COMPANY LLC,BROOKLINE,MA,0.0,1
3412f20f-8d5e-3588-a617-7c8d6f2ded0f,e8d0fea4-45cb-32d3-8798-0fe6156c4409,Dannie881 Howell947,F,GENERAL PRACTICE,BEVERLY,MA,19151958,265 ESSEX STREET OPERATING COMPANY  LLC,BEVERLY,MA,0.0,2
3bee5249-65c9-3503-8a13-f191bccab391,e5b9db6a-8dd8-3622-b9ce-3dc593e111d1,Harvey63 Tromp100,M,GENERAL PRACTICE,BROOKLINE,MA,24465332,ENGRACE HEALTHCARE PRACTICE LLC,BROOKLINE,MA,0.0,11
8b9a5ce7-c9c3-311b-8315-543a9e8a2e11,e92dad8b-f485-315a-8fc4-1d7adfdc9c00,Ramiro608 Anderson154,M,GENERAL PRACTICE,DARTMOUTH,MA,27471242,NORTHEAST BEHAVIORAL HEALTH LLC,DARTMOUTH,MA,0.0,1261
f19a10f9-21c3-3526-8577-0032061084a0,aad05540-c9cb-3805-b3c4-f9b9d9b42b2e,Quentin28 Fritsch593,M,GENERAL PRACTICE,CHICOPEE,MA,10206306,RIVER'S EDGE PRIMARY CARE LLC,CHICOPEE,MA,0.0,160
3d7a50a3-899b-3a49-b585-cd449af2fea9,ce3b504c-f15c-3bcf-ba6e-dcb551cc7d7f,Dale454 Schmitt836,M,GENERAL PRACTICE,BOSTON,MA,21182711,BOSTON HEALTH CARE FOR THE HOMELESS PROGRAM INC,BOSTON,MA,0.0,59
c45bda02-9349-3ff6-96b7-8bd9997adfa1,76b7dbb5-0a02-32a4-9a01-3511f7e45016,Emerita401 Satterfield305,F,GENERAL PRACTICE,SCITUATE,MA,20663746,CARDIGAN NURSING & REHABILITATION CENTER,SCITUATE,MA,0.0,10
eb494970-442e-395d-9836-3906cffebd9d,25c85bcc-7e25-36bc-89e8-08e0d473db23,Sharron285 Okuneva707,F,GENERAL PRACTICE,MILFORD,MA,17573272,A&A HEALTHCARE LLC,MILFORD,MA,0.0,49
2bc482e4-36fb-38e2-bdb7-f25af11c2c80,c9aabcbd-d4e0-391f-8980-d0be6934ea82,Lindsay928 Leffler128,M,GENERAL PRACTICE,BROCKTON,MA,23013236,VIGILANT FAMILY HEALTH CLINIC  INC.,BROCKTON,MA,0.0,38
d90d0132-e3e3-38a2-8133-a28af0cf4e4f,d9b71ccf-6649-3555-9e99-44eac0af257f,Javier97 Collier206,M,GENERAL PRACTICE,WRENTHAM,MA,20931135,SERENITY HILL NURSING CENTER,WRENTHAM,MA,0.0,6
568e0bca-c311-3c11-93ac-7150ff82c527,7348f15f-ec3d-3aef-821a-8de550c90f26,Dudley365 Pfannerstill264,M,GENERAL PRACTICE,GLOUCESTER,MA,19304832,SEACOAST SNF LLC,GLOUCESTER,MA,0.0,1
189d506d-8950-3cee-8095-846bdf0db9d4,2f5c26cd-be8d-351a-97af-23fbcaba0967,Dorethea38 Casper496,F,GENERAL PRACTICE,PLYMOUTH,MA,23607320,BETH ISRAEL DEACONESS HOSPITAL PLYMOUTH INC,PLYMOUTH,MA,0.0,3
a98cd6f3-2eee-3b3b-b535-8f35083a001d,ede8251b-e165-3ef6-b8a0-305217ba8e88,Gene733 Boyle917,F,GENERAL PRACTICE,LEE,MA,12389316,SUBURBAN INTERNAL MEDICINE  INC.,LEE,MA,0.0,68
a3625dec-e1eb-3d6c-b243-12be1163380e,cbebae9e-f95e-3d2c-9712-289ea8d6aeec,Inés791 Vergara204,F,GENERAL PRACTICE,QUINCY,MA,21698130,ARBOUR HOSPITAL  THE,QUINCY,MA,0.0,68
f5391a49-761d-37f2-a0fa-c1911ed1be81,1cec4304-9757-3a10-ad4f-7e2090c56131,Theo630 Rohan584,M,GENERAL PRACTICE,WORCESTER,MA,16550002,UMASS MEMORIAL MEDICAL CENTER INC,WORCESTER,MA,0.0,112
e347171a-9b8a-3e21-9eef-f189e4a76f02,a8f1424c-00bc-3403-8db5-cd600978f3a4,Corazon138 Bogan287,F,GENERAL PRACTICE,TURNERS FALLS,MA,13761816,CONNECTICUT RIVER INTERNISTS. LLP,TURNERS FALLS,MA,0.0,43
43cbfb6c-3d34-342c-b59a-09873bc54ca0,78cd7edb-2df6-34da-b463-5f9eb15cf862,Rusty501 Pacocha935,M,GENERAL PRACTICE,YARMOUTH PORT,MA,26752000,OVERLOOK VISITING NURSE ASSOCIATION  INC,YARMOUTH PORT,MA,0.0,31
c5d7d9af-9426-3bf7-83f6-1c9707b6451c,a5577e5c-b886-37a0-8eee-8ff6feb7ea6b,Leopoldo762 Keebler762,M,GENERAL PRACTICE,CAMBRIDGE,MA,21385502,MOUNT AUBURN HOSPITAL,CAMBRIDGE,MA,0.0,178
40d09b1f-c23c-310b-9287-a31fc69c60fc,20df65a4-7567-3066-b680-0f71b0c31d38,Adela471 Téllez750,F,GENERAL PRACTICE,GARDNER,MA,14401336,HENRY HEYWOOD MEMORIAL HOSPITAL,GARDNER,MA,0.0,65
db482103-fd63-359b-a71f-779e2381f285,7dcab1ad-0e13-3700-9eb0-70767c5e2b55,German382 Wilkinson796,M,GENERAL PRACTICE,SPRINGFIELD,MA,11181803,URGENT CARE PHYSICIANS PC,SPRINGFIELD,MA,0.0,80
9d612767-c7c7-3a06-9d19-02159bb01269,ce9c1582-994d-32bf-835c-474a249d2804,Maude482 Veum823,F,GENERAL PRACTICE,FALL RIVER,MA,27231500,KINDRED AT HOME,FALL RIVER,MA,0.0,14
a3cf8d38-0c41-317d-b2b4-681c49d8fa82,9b8a7a25-b923-3710-9f3c-d42919a3f54f,Heriberto162 Ondricka197,M,GENERAL PRACTICE,MAYNARD,MA,17542651,COMPASSIONATE CARE INTERNAL MEDICINE  LLC,MAYNARD,MA,0.0,30
f4c9f6d6-964a-3d8b-a2c8-8680702f386a,9656a864-3b93-356f-9fa6-d7988e249977,Josh874 Feil794,M,GENERAL PRACTICE,RANDOLPH,MA,23683064,ENRICH WELLNESS HEALTH CENTER LLC,RANDOLPH,MA,0.0,36
ae46f5b6-eff0-3012-bc87-7392c13cad4b,4eddfa13-f996-3048-9bbc-541b0a29038a,Annelle169 Schmidt332,F,GENERAL PRACTICE,BRIGHTON,MA,21353601,STEWARD ST ELIZABETHS MEDICAL CENTER OF BOSTON INC,BRIGHTON,MA,0.0,25
3f66ec2a-eab1-38f8-b34c-b2e697eb58c8,845fbd9b-2d1c-39a8-8261-28ae40e4fab2,Bennett146 Rippin620,M,GENERAL PRACTICE,UPTON,MA,15681431,MILFORD REGIONAL MEDICAL CENTER,UPTON,MA,0.0,13
2dd69cd6-279f-37bd-abae-794b4fc0e222,bac9dc0c-cb0f-3fa6-aa12-819dd0fb922a,Nicholas495 Greenfelder433,M,GENERAL PRACTICE,SOMERVILLE,MA,21452935,CAMBRIDGE PUBLIC HEALTH COMMISSION,SOMERVILLE,MA,0.0,23
ebd7e810-7c90-3260-a810-cfdd673b9039,9ce6072b-d039-3cde-8eaf-950211b8ae88,Terrie907 Ratke343,F,GENERAL PRACTICE,MIDDLETON,MA,19492446,MIDDLETON FAMILY MEDICINE URGENT CARE  LLC,MIDDLETON,MA,0.0,75
7561637a-bf30-386e-b9d7-0c5a30c0cfec,2576629d-4a1a-3a63-8c08-779cbd8ef98b,Naoma512 Bashirian201,F,GENERAL PRACTICE,ORLEANS,MA,26533428,ORLEANS MEDICAL CENTER  P.C.,ORLEANS,MA,0.0,200
31c7d7d2-5f28-3c36-8522-eb4668525abf,af8566eb-8918-3ec7-ba44-92b6a2cf8097,Madelaine318 Walker122,F,GENERAL PRACTICE,SALEM,MA,19702714,NORTH SHORE MEDICAL CENTER INC,SALEM,MA,0.0,286
43d722b6-ba9e-36be-ba4a-ede4d3e6ff63,ecd3b321-0a8a-3ce6-81f0-982dd77fce43,Hunter736 Lesch175,M,GENERAL PRACTICE,NEWBURYPORT,MA,19503867,ANNA JAQUES HOSPITAL SUBACUTE UNIT,NEWBURYPORT,MA,0.0,21
a12ea4ac-e58a-33c0-9241-02889d96cfb4,eb2596c3-8814-3add-8516-474214bf5c62,Jaqueline846 Lemke654,F,GENERAL PRACTICE,ASHLAND,MA,17211420,WATERVIEW LODGE LLC,ASHLAND,MA,0.0,1
1aa07ebd-44a2-3214-b02c-d023ae82c0ab,42c13743-f36f-370a-a5ca-3e3c9795e02d,Tiffani287 Toy286,F,GENERAL PRACTICE,KINGSTON,MA,23641039,SENIOR RESIDENTIAL CARE - KINGSTON  INC.,KINGSTON,MA,0.0,2
262105f8-44bb-30e0-a3cf-5969ee5e37f2,058176fd-cbb0-328b-8411-c19f5045032d,Dion244 Sanford861,M,GENERAL PRACTICE,LEXINGTON,MA,2420,EXCEL CENTER FOR NURSING AND REHAB AT LEXINGTON,LEXINGTON,MA,0.0,9
86ef9495-9513-3fb9-931b-0bfa998fb0b4,9a20d707-68e4-32c0-b2b2-2f5d5c2012cd,Gerard367 Pouros728,M,GENERAL PRACTICE,BURLINGTON,MA,18033711,CLARITY HEALTH & WELLNESS LLC,BURLINGTON,MA,0.0,31
3617c743-5be1-3737-b13d-d46cb2aa1108,f90ef475-defe-363d-a926-573b38f804a2,Kristopher775 Schiller186,M,GENERAL PRACTICE,HOPKINTON,MA,17481672,PRIMARY CARE FOR ADULTS PLLC,HOPKINTON,MA,0.0,41
5bd2ad03-e922-3015-bc10-6df51d095645,41f66e18-8eb7-32f2-9371-7df5bf2b8d21,Lonnie913 Mraz590,M,GENERAL PRACTICE,GREENFIELD,MA,13011238,AMBULATORY EMPLOYEE INDUSTRIAL OCCUPATIONAL AND URGENT HEALTHCARE,GREENFIELD,MA,0.0,1
b079748a-17fc-368e-914b-f7448603c263,a25107f7-f4f5-36fc-98e4-f3e1b5875c91,Lorena247 Garay400,F,GENERAL PRACTICE,WOBURN,MA,18012157,MASS GENERAL BRIGHAM URGENT CARE LLC,WOBURN,MA,0.0,5
372e7074-e033-3ded-adec-62c4a4d510d4,0e6c3ad1-24c1-34cb-bb6d-e8438fa319e2,Vicente970 Almanza534,M,GENERAL PRACTICE,SWAMPSCOTT,MA,19071300,URGENT CARE OPERATIONS PC,SWAMPSCOTT,MA,0.0,7
6860ad4e-38f3-3e34-b317-c084d3907742,4f9dd195-07b8-3a81-8b7a-58852a0e6cdf,Tonja658 Goyette777,F,GENERAL PRACTICE,WEST BROOKFIELD,MA,15852906,FAIR HAVENS INC,WEST BROOKFIELD,MA,0.0,3
aad466f4-e07a-3c10-94ff-1e3ada7ac9b8,3695125c-c052-3ece-898a-2a6448987ae5,Cecilia788 Granados71,F,GENERAL PRACTICE,WILBRAHAM,MA,10951380,URGENT CARE SPECIALISTS  P.C.,WILBRAHAM,MA,0.0,7
5dcb7149-c964-37bb-85eb-7d8e8597f7b8,05fcf001-ab24-3d7d-85f7-f64942d82738,Nickolas58 Schumm995,M,GENERAL PRACTICE,FRAMINGHAM,MA,17014592,ENCOMPASS HEALTH BRAINTREE HOSPITAL OF BRAINTREE,FRAMINGHAM,MA,0.0,20
c6bfd5f8-75cc-3285-a625-2ab555dc46bd,7e6db51f-7c1b-3555-9e1c-6269ba6d704d,Drew592 Streich926,M,GENERAL PRACTICE,WORCESTER,MA,16031461,ACCLAIM HOME HEALTH CARE  INC,WORCESTER,MA,0.0,10
9f74e8eb-ee7d-3952-94ab-1692fcdbda85,83769f98-fff3-3535-8781-6ace5957136f,Harland508 Breitenberg711,M,GENERAL PRACTICE,ROCKLAND,MA,23702129,SOUTHSHORE HEALTH CARE CENTER,ROCKLAND,MA,0.0,8
13d495d1-0018-38f1-8c41-17b9b3cedd2b,b7f2e542-f3b6-3f5e-9aed-511ff6f0ee56,Moshe758 Tillman293,M,GENERAL PRACTICE,ARLINGTON,MA,24745552,MEDFORD VISITING NURSING ASSOCIATION,ARLINGTON,MA,0.0,14
6992bd32-cc3e-3986-8f9e-7486af83d557,05cd3fbb-08ce-38bf-b680-721a3e902d43,Lacy523 White193,M,GENERAL PRACTICE,SALEM,MA,19703163,PODIATRIC HEALTHCARE PC,SALEM,MA,0.0,20
ece3cf20-233a-3769-a435-9d9950c97bba,0e3a24c3-b772-3059-b3fd-8a4710068a82,Malka46 Gerhold939,F,GENERAL PRACTICE,RAYNHAM,MA,27671737,LAKESIDE FAMILY PRACTICE,RAYNHAM,MA,0.0,95
9679c59e-3a5a-3d43-b4bf-6cf23bdd806a,28d71598-85eb-3a0e-90c1-22e0be1af57c,Sammie902 Hermann103,M,GENERAL PRACTICE,NORTHAMPTON,MA,10602832,PARADIGM HEALTHCARE  PC,NORTHAMPTON,MA,0.0,35
e81daf99-0537-3d5f-8efb-0b5f56814118,b8d40f5c-9e4d-3639-89ef-8bf375cb3184,Luis Miguel102 Heredia716,M,GENERAL PRACTICE,HINGHAM,MA,20434065,NEW ENGLAND HOSPICE II LLC,HINGHAM,MA,0.0,1
e620da67-25a1-3de8-aefc-ff0b2bdf5198,e5d50afe-8c7d-35f5-96f5-fb8941403b0f,Bernardo699 Barela183,M,GENERAL PRACTICE,FALL RIVER,MA,2722,VMD PRIMARY PROVIDERS MASSACHUSETTS PLLC,FALL RIVER,MA,0.0,112
7e7852b3-711f-389f-871f-7a52911243bf,9adfae03-673d-365d-9052-f705098fa3e4,Sharilyn202 Wolff180,F,GENERAL PRACTICE,BOSTON,MA,21142699,THE SHRINERS HOSPITAL FOR CHILDREN,BOSTON,MA,0.0,184
21f850df-f67f-3037-ba52-0de9fe9a2d44,89171335-b9c0-3326-98d6-a837d432b9fd,Lorette239 Hauck852,F,GENERAL PRACTICE,LYNN,MA,19042915,WHITTIER REHABILTATION HOSPITAL,LYNN,MA,0.0,13
43bc578f-80f7-3d0e-b597-8a90dc023aa7,7cd7fc5c-3fa7-3b6e-b3c9-0dbaec2a3470,Frederica279 Roberts511,F,GENERAL PRACTICE,CHICOPEE,MA,10133140,HOLYOKE HEALTH CENTER INC,CHICOPEE,MA,0.0,11
dde75b65-bd94-3bfe-8ba9-8805927ee7e1,15d0e449-642a-3d9e-8629-16c7e4a9e4b4,Britt177 Schmitt836,M,GENERAL PRACTICE,FAIRHAVEN,MA,27193822,OUR LADYS HAVEN OF FAIRHAVEN  INC.,FAIRHAVEN,MA,0.0,5
5596b021-0cc5-3bd5-b520-398f577d7608,01bde980-bf89-3138-8912-7360dff33247,Bradly656 Lang846,M,GENERAL PRACTICE,WORCESTER,MA,16101254,LE & CHANG FAMILY URGENT CARE PC,WORCESTER,MA,0.0,26
867437e7-e566-3825-a362-8da7586668ed,217cb6f6-e822-3831-9d9d-ffa104971042,Cira533 Jakubowski832,F,GENERAL PRACTICE,WOBURN,MA,18016003,ENCOMPASS HEALTH REHABILITATION HOSP OF NEW ENGLAN,WOBURN,MA,0.0,236
188de4bf-017d-395a-b0a2-804a5fb1349b,8a6e21d0-da20-3378-8176-4e5ad2b51983,Wes853 Torphy630,M,GENERAL PRACTICE,HOLLISTON,MA,17462138,TIMOTHY DANIELS HOUSE,HOLLISTON,MA,0.0,4
8b787a7d-316c-3c1f-a28d-d612c86b4663,4e56c7ec-99e5-3023-8e4f-95ad18a03f06,Duane703 Bosco882,M,GENERAL PRACTICE,PEMBROKE,MA,23594947,UNITED MEDICAL CARE LLC,PEMBROKE,MA,0.0,88
f3daf26b-a4d1-3d0f-8204-b857f48e8d3b,e2a8b444-9b8f-36ff-84c4-05ee98589482,Francisco472 Gusikowski974,F,GENERAL PRACTICE,CHARLESTOWN,MA,21294301,WHITLEY WELLNESS LLC,CHARLESTOWN,MA,0.0,128
da86b7fb-a7d5-3f90-a9fc-ac1dc5a8a567,3517aff1-b163-3cd5-8fff-19710fcdc1b7,Ladawn167 Cremin516,F,GENERAL PRACTICE,MARLBOROUGH,MA,17526762,KINDRED HOSPICE,MARLBOROUGH,MA,0.0,6
14587784-916f-3b80-85e1-dfe02f564da5,18d2c9c2-4b92-3664-9b8e-419aff3ce942,Aleshia311 Block661,F,GENERAL PRACTICE,BRAINTREE,MA,21847253,ALLIANCE HEALTH AT BRAINTREE,BRAINTREE,MA,0.0,11
e1f74c90-d318-3e36-85f7-466cdc621de4,121b0ad1-1beb-3caa-9271-3d3f726bb727,Cortez851 Price929,M,GENERAL PRACTICE,WALTHAM,MA,24517447,PATRIOT URGENT CARE PROFESSIONALS PC,WALTHAM,MA,0.0,7
11794bb1-6f98-3db7-9f0f-9195a136576f,883f57b8-89c6-3dc4-b6da-047705c88623,Blanche121 Bailey598,F,GENERAL PRACTICE,FALL RIVER,MA,27203703,SOUTHCOAST HOSPITALS GROUP INC,FALL RIVER,MA,0.0,66
85e496aa-1cf1-3599-b185-c9c2c56048ac,0a2252ba-33de-322f-8f0a-e5b0141f1780,Lincoln623 Block661,M,GENERAL PRACTICE,DORCHESTER,MA,21213213,HARVARD STREET NEIGHBORHOOD HEALTH CENTER,DORCHESTER,MA,0.0,25
fe32031e-9d24-3100-95ac-427e06e91cb8,f6ba791e-fe68-3596-bef4-60751db6a60e,Cleo27 Crooks415,M,GENERAL PRACTICE,MILFORD,MA,17575501,VNA & HOSPICE OF GREATER MILFORD,MILFORD,MA,0.0,4
96bde7bb-a155-37f0-82b9-8eac1e87949e,2fc3d86d-4194-3ad1-bb8a-99d5d34119a1,Trent525 Krajcik437,M,GENERAL PRACTICE,QUINCY,MA,21690907,QUINCY PRIMARY HEALTHCARE PC,QUINCY,MA,0.0,27
00364b36-733b-36bc-8b16-6d84ae9d9820,b954c464-11ea-312b-a3f8-1350775bfa54,Rupert654 Walker122,M,GENERAL PRACTICE,CHELSEA,MA,21504019,CHELSEA JEWISH HOSPICE AND PALLIATIVE CARE,CHELSEA,MA,0.0,3
8be3b48e-1701-31cb-b2a1-9164d0041d85,95f6c328-96dd-3fb8-a56e-9aad566094b4,Marcos263 Montez99,M,GENERAL PRACTICE,WILBRAHAM,MA,10951027,EXCEL HOME CARE SERVICES INC,WILBRAHAM,MA,0.0,18
e77d9173-5700-3f54-97d7-5f7cf212b8be,485ae27b-c5ba-3fd0-9a16-c9eea20be185,Alejandro916 Kris249,M,GENERAL PRACTICE,FALL RIVER,MA,27231518,KINDRED  HOSPICE,FALL RIVER,MA,0.0,10
683501a7-443e-3ebc-afb1-ff9ae95fb9be,47602b5b-f4aa-3c73-aa26-2268ccf7a83c,Kathie378 Fisher429,F,GENERAL PRACTICE,DANVERS,MA,19232125,HUNT NURSING & REHAB CENTER,DANVERS,MA,0.0,4
74119d49-9a2f-3418-bd7b-0429751d1991,91808f17-7583-32a3-aa55-23b131b327c7,Leonie332 Wunsch504,F,GENERAL PRACTICE,NORWELL,MA,20611671,SOUTH SHORE CENTER FOR WELLNESS LTD,NORWELL,MA,0.0,37
e3a91a4d-2435-30ba-b5ab-f14960f54d15,53f086de-2fc7-3d35-92c2-aca4ed944e7f,Carisa395 Kutch271,F,GENERAL PRACTICE,LAWRENCE,MA,18412961,LAWRENCE GENERAL HOSPITAL,LAWRENCE,MA,0.0,352
df447038-967d-310b-913b-18fc01adb3d0,20f63278-6709-3195-b767-782d2a10bd5c,Jamie386 Krajcik437,M,GENERAL PRACTICE,CAMBRIDGE,MA,21381116,NEVILLE CENTER AT FRESH POND FOR NURSING & REHAB,CAMBRIDGE,MA,0.0,7
b2a38a00-30f2-3ac3-be91-5a794587fddc,ac0fde88-b0ad-3388-a4a8-b8fc2a4f4af2,Lloyd546 Wuckert783,M,GENERAL PRACTICE,STOUGHTON,MA,20729105,NEW ENGLAND SINAI HOSPITAL,STOUGHTON,MA,0.0,114
16be638d-599c-328d-8e1f-76ccce3356a1,de3cc142-803a-3ed4-8945-75ec88a84784,Marta91 Rivas297,F,GENERAL PRACTICE,BALDWINVILLE,MA,14361215,ALLIANCE HEALTH AT BALDWINVILLE,BALDWINVILLE,MA,0.0,1
2e0e2cec-ee00-33b2-a7a5-876f3c2ecfcf,0592d4e5-a0fb-3143-83cd-8e5a6b066a96,Mica978 Lemke654,F,GENERAL PRACTICE,HANOVER,MA,23391638,SOUTH SHORE PRIMARY AND URGENT CARE LLC,HANOVER,MA,0.0,369
e0234c22-3d63-3f2a-b92f-b3cce302f5c6,c67ca7ed-4769-3b6c-a0a9-993f1227ff10,Allen322 Veum823,M,GENERAL PRACTICE,GLOUCESTER,MA,19302237,CAPE ANN MEDICAL CENTER LLC,GLOUCESTER,MA,0.0,55
1bd38287-ebc5-3ed6-800b-bf79eef5030e,6aae7a31-90df-3455-ad8d-81f8cf2d21e8,Houston994 Funk324,M,GENERAL PRACTICE,BROCKTON,MA,23023308,BROCKTON HOSPITAL  INC.,BROCKTON,MA,0.0,50
